{
  "source": "gen2_analysis.figures.diffuse.spectrum.unfold",
  "detectors": [
    [
      "Gen2-InIce",
      10.0
    ],
    [
      "Gen2-Radio",
      10.0
    ],
    [
      "IceCube",
      25.0
    ]
  ],
  "args": {
    "astro": 2.3,
    "gamma": -2.5,
    "gzk": "vanvliet",
    "gzk_norm": 0.1,
    "emax": 1000000000.0,
    "clean": true
  },
  "data": {
    "xlimits": [
      [
        1584.8931924611206,
        3162.2776601683954
      ],
      [
        3162.2776601683954,
        6309.573444801968
      ],
      [
        6309.573444801968,
        12589.254117941764
      ],
      [
        12589.254117941764,
        25118.864315095976
      ],
      [
        25118.864315095976,
        50118.72336272756
      ],
      [
        50118.72336272756,
        100000.00000000081
      ],
      [
        100000.00000000081,
        199526.23149688993
      ],
      [
        199526.23149688993,
        398107.170553501
      ],
      [
        398107.170553501,
        794328.2347242887
      ],
      [
        794328.2347242887,
        1584893.1924611304
      ],
      [
        1584893.1924611304,
        3162277.660168418
      ],
      [
        3162277.660168418,
        6309573.444802008
      ],
      [
        6309573.444802008,
        12589254.117941815
      ],
      [
        12589254.117941815,
        25118864.31509613
      ],
      [
        25118864.31509613,
        50118723.36272797
      ],
      [
        50118723.36272797,
        100000000.00000164
      ],
      [
        100000000.00000164,
        199526231.49689072
      ],
      [
        199526231.49689072,
        398107170.55350345
      ],
      [
        398107170.55350345,
        794328234.7242951
      ],
      [
        794328234.7242951,
        1584893192.4611368
      ],
      [
        1584893192.4611368,
        3162277660.1684313
      ],
      [
        3162277660.1684313,
        6309573444.802046
      ],
      [
        6309573444.802046,
        12589254117.94192
      ],
      [
        12589254117.94192,
        25118864315.096336
      ],
      [
        25118864315.096336,
        50118723362.72817
      ],
      [
        50118723362.72817,
        79432823472.42984
      ]
    ],
    "ylimits": [
      [
        12.936253943979365,
        17.75537987019438
      ],
      [
        9.68686724919425,
        12.079945109801155
      ],
      [
        6.917559741201656,
        8.500067759183326
      ],
      [
        4.979335301312072,
        5.946874278993596
      ],
      [
        3.5840819706040796,
        4.142309774489971
      ],
      [
        2.5664979901633065,
        2.911072374117341
      ],
      [
        1.8044926686199967,
        2.0721447088407334
      ],
      [
        1.259215989173874,
        1.4903039822650517
      ],
      [
        0.8619555516359731,
        1.092107123324118
      ],
      [
        0.582351096314738,
        0.8078558179403603
      ],
      [
        0.3797939992031527,
        0.6097216917320339
      ],
      [
        0.25831987270309753,
        0.4162198714060672
      ],
      [
        0.17986367463657485,
        0.3382571695277391
      ],
      [
        0.07152490162268202,
        0.29617590466131355
      ],
      [
        0.048264049333091655,
        0.20935329031255343
      ],
      [
        0.03424175219500381,
        0.1485292590892507
      ],
      [
        0.027966627731636173,
        0.1145937253216917
      ],
      [
        0.0241682434819628,
        0.099029782269633
      ],
      [
        0.02319028868980765,
        0.09502259613676625
      ],
      [
        0.02088244757424444,
        0.08556617853001303
      ],
      [
        0.01322713848805937,
        0.07398500020843886
      ],
      [
        0.0,
        0.051063281468241455
      ],
      [
        0.0,
        0.035161000793154804
      ],
      [
        0.0,
        0.024212937203200276
      ],
      [
        0.0,
        Infinity
      ],
      [
        0.0,
        Infinity
      ]
    ],
    "ycenters": [
      15.371887483185228,
      10.882448780224808,
      7.703731566058178,
      5.45330411608937,
      3.859200775918588,
      2.7290695139431214,
      1.9288105351428773,
      1.3630414090000498,
      0.9635834987720923,
      0.6807391810802418,
      0.48132308809904506,
      0.34087570830924213,
      0.2449207484412934,
      0.1695405075500611,
      0.11880381374299485,
      0.08428739001847092,
      0.06392372052945411,
      0.05524169938734354,
      0.053006374148131766,
      0.04773130874113014,
      0.035272369301491656,
      0.02180858150189427,
      0.010224297831092013, 
      0.003092684008491591,
      1.4910089412236925e-18,
      1.1368434145440043e-30
    ]
  }
}